<?xml version="1.0" encoding="UTF-8"?>
<project-private xmlns="http://www.netbeans.org/ns/project-private/1">
    <editor-bookmarks xmlns="http://www.netbeans.org/ns/editor-bookmarks/2" lastBookmarkId="0"/>
    <open-files xmlns="http://www.netbeans.org/ns/projectui-open-files/2">
        <group>
            <file>file:/D:/DOCUMETOS/Desktop/POO/ProyBimestral2/src/Controller/OperacionesContribuyente.java</file>
            <file>file:/D:/DOCUMETOS/Desktop/POO/ProyBimestral2/src/Controller/Alimentacion.java</file>
            <file>file:/D:/DOCUMETOS/Desktop/POO/ProyBimestral2/src/View/SistemaDeDeclaracionAnualImpuestos.java</file>
            <file>file:/D:/DOCUMETOS/Desktop/POO/ProyBimestral2/src/Controller/ManejoArchivos.java</file>
            <file>file:/D:/DOCUMETOS/Desktop/POO/ProyBimestral2/src/Controller/Educacion.java</file>
            <file>file:/D:/DOCUMETOS/Desktop/POO/ProyBimestral2/src/Modell/EscribirContribuyente.java</file>
            <file>file:/D:/DOCUMETOS/Desktop/POO/ProyBimestral2/src/Modell/EscribirFactura.java</file>
            <file>file:/D:/DOCUMETOS/Desktop/POO/ProyBimestral2/src/Controller/Vivienda.java</file>
            <file>file:/D:/DOCUMETOS/Desktop/POO/ProyBimestral2/src/Controller/GeneradorFacturas.java</file>
            <file>file:/D:/DOCUMETOS/Desktop/POO/ProyBimestral2/src/Controller/Turismo.java</file>
            <file>file:/D:/DOCUMETOS/Desktop/POO/ProyBimestral2/src/Modell/LeerFactura.java</file>
            <file>file:/D:/DOCUMETOS/Desktop/POO/ProyBimestral2/src/Modell/LeerContribuyente.java</file>
            <file>file:/D:/DOCUMETOS/Desktop/POO/ProyBimestral2/src/Controller/Factura.java</file>
            <file>file:/D:/DOCUMETOS/Desktop/POO/ProyBimestral2/src/Controller/Vestimenta.java</file>
            <file>file:/D:/DOCUMETOS/Desktop/POO/ProyBimestral2/src/Controller/Salud.java</file>
            <file>file:/D:/DOCUMETOS/Desktop/POO/ProyBimestral2/src/Controller/Contribuyente.java</file>
            <file>file:/D:/DOCUMETOS/Desktop/POO/ProyBimestral2/src/View/GeneradorDatos.java</file>
            <file>file:/D:/DOCUMETOS/Desktop/POO/ProyBimestral2/src/Controller/GastoCalculable.java</file>
        </group>
    </open-files>
</project-private>
